[{
    "type": "Like",
    "post": {
        "id": "b1638f970c3ddd528671df76c4dcf13e",
        "title": "Acme Inc dynamically scales niches worldwide"
    },
    "user": {
        "id": "403f220c3d413fe9cb0b36142ebfb35d",
        "name": "Mary T. Price"
    }
},{
    "type": "Like",
    "post": {
        "id": "7d78ff348647b782cb3027d836d23e09",
        "title": "How to professionally administrate seamless growth strategies in 10 steps"
    },
    "user": {
        "id": "cc81a8b1fceb3306997be05426b668e4",
        "name": "Bojana Novaković"
    }
},{
    "type": "Comment",
    "post": {
        "id": "c4cfbe322bb834ada81719036f9b287b",
        "title": "How to distinctively leverage existing wireless ROI"
    },
    "comment":{
        "id": "9c6adba459bca33ee8ae81e4b1ca420c",
        "commentText": "True! And after that they should functionalize core competencies"
    },
    "user":{
        "id": "7305d0a8bb9d7166b8d26ca856930b8d",
        "name": "Ali Sage"
    }
},{
    "type": "Like",
    "post": {
        "id": "7d78ff348647b782cb3027d836d23e09",
        "title": "How to professionally administrate seamless growth strategies in 10 steps"
    },
    "user": {
        "id": "ac487e5866d80dfcb77a89f55d2b0055",
        "name": "Mr Smartypants"
    }
},{
    "type": "Like",
    "post": {
        "id": "7d78ff348647b782cb3027d836d23e09",
        "title": "How to professionally administrate seamless growth strategies in 10 steps"
    },
    "user": {
        "id": "13e175f3a6ce2f07451b697238202c2c",
        "name": "Katie Blackman"
    }
},{
    "type": "Like",
    "post": {
        "id": "b1638f970c3ddd528671df76c4dcf13e",
        "title": "Acme Inc dynamically scales niches worldwide"
    },
    "user": {
        "id": "5497afbf9df3f6ff6f9ba11cdef5310f",
        "name": "Suoma Narjus"
    }
},{
    "type": "Like",
    "post": {
        "id": "7d78ff348647b782cb3027d836d23e09",
        "title": "How to professionally administrate seamless growth strategies in 10 steps"
    },
    "user": {
        "id": "9a1afe07885bac989383b7b145c516d6",
        "name": "Chuck Looij"
    }
},{
    "type": "Comment",
    "post": {
        "id": "c4cfbe322bb834ada81719036f9b287b",
        "title": "How to distinctively leverage existing wireless ROI"
    },
    "comment":{
        "id": "e1788fb8b05d79c793c2002d57e80182",
        "commentText": "😩 I really disagree with the content of this post. I belive the the client should really try to synthesize internal or 'organic' sources before not after leveraging!"
    },
    "user":{
        "id": "f1333326efc51be3d620d80f72c55944",
        "name": "Harold Lachlan"
    }
},{
    "type": "Like",
    "post": {
        "id": "de8b75335ba7e52e62c8227c6697def2",
        "title": "This company enthusiastically deployed extensive values, the rest is history"
    },
    "user": {
        "id": "38bbd19a89ac307cff5ab2b5bf83783a",
        "name": ""
    }
},{
    "type": "Comment",
    "post": {
        "id": "c4cfbe322bb834ada81719036f9b287b",
        "title": "How to distinctively leverage existing wireless ROI"
    },
    "comment":{
        "id": "410065f8dee7354ba6fa7f5552092657",
        "commentText": "😂 That'll be the day!"
    },
    "user":{
        "id": "f1333326efc51be3d620d80f72c55944",
        "name": "Harold Lachlan"
    }
},{
    "type": "Comment",
    "post": {
        "id": "b1638f970c3ddd528671df76c4dcf13e",
        "title": "Acme Inc dynamically scales niches worldwide"
    },
    "comment":{
        "id": "46f72ffb3a5717dcd71e26369d1e13a5",
        "commentText": "Acme remains one of my fave company ever! The way they scale is so dynamic that makes HTML5 look static!"
    },
    "user":{
        "id": "5497afbf9df3f6ff6f9ba11cdef5310f",
        "name": "Suoma Narjus"
    }
},{
    "type": "Like",
    "post": {
        "id": "b1638f970c3ddd528671df76c4dcf13e",
        "title": "Acme Inc dynamically scales niches worldwide"
    },
    "user": {
        "id": "fa527981cbbcb070be95854985c3188f",
        "name": "Sandra Ortega"
    }
},{
    "type": "Like",
    "post": {
        "id": "b1638f970c3ddd528671df76c4dcf13e",
        "title": "Acme Inc dynamically scales niches worldwide"
    },
    "user": {
        "id": "4c18d43d4deccbac21a26c55f1033f53",
        "name": "William Hunt"
    }
},{
    "type": "Like",
    "post": {
        "id": "7d78ff348647b782cb3027d836d23e09",
        "title": "How to professionally administrate seamless growth strategies in 10 steps"
    },
    "user": {
        "id": "7bd3695eba3be49ef29bd423b12555bc",
        "name": "Hamish Sutcliffe"
    }
},{
    "type": "Like",
    "post": {
        "id": "b1638f970c3ddd528671df76c4dcf13e",
        "title": "Acme Inc dynamically scales niches worldwide"
    },
    "user": {
        "id": "38be3079117301f2f61264d6e0fbf7db",
        "name": "An Mao"
    }
},{
    "type": "Like",
    "post": {
        "id": "7d78ff348647b782cb3027d836d23e09",
        "title": "How to professionally administrate seamless growth strategies in 10 steps"
    },
    "user": {
        "id": "084300a01df3060f41fad4700a70b6fe",
        "name": "Eugenio Bertè"
    }
},{
    "type": "Comment",
    "post": {
        "id": "57e0d6328c9287bd1b66bc327efbcdfa",
        "title": "Boom&Bust to uniquely coordinate standardized meta-services"
    },
    "comment":{
        "id":"a82f598e7723c68599e597b5939ad437",
        "commentText": "Here we go again!"
    },
    "user":{
        "id": "9a1afe07885bac989383b7b145c516d6",
        "name": "Chuck Looij"
    }
}]
